{"result":{"x":118.19999694824219,"y":-5.5,"z":-0.10284805297851563}}