{"result":{"x":16.200000762939454,"y":-0.8000001907348633,"z":-0.10284805297851563}}